,id,question,answer,input_hallucination_reason,has_input_hallucination,contextual_hallucination_reason,has_contextual_hallucination,factual_hallucination_reason,has_factual_hallucination
0,1,O que caracteriza o crime de peculato?,"O crime de peculato é caracterizado por apropriar-se o funcionário público de dinheiro, valor ou qualquer outro bem móvel, público ou particular, de que tem a posse em razão do cargo, ou desviá-lo, em proveito próprio ou alheio. Também pode ocorrer quando o funcionário, embora não tendo a posse, subtrai ou concorre para que seja subtraído, em proveito próprio ou alheio, valendo-se de facilidade que lhe proporciona a qualidade de funcionário. (Art. 312 do Código Penal)","Não houve alucinação de input, pois a resposta fornecida está diretamente relacionada à pergunta feita, abordando o tema do crime de peculato de forma detalhada e precisa, conforme definido no Código Penal. A resposta não foge do tópico da pergunta, caracterizando assim uma resposta apropriada e relevante.",0,"Não houve alucinação contextual.

O texto apresentado descreve o crime de peculato conforme definido no Código Penal, fornecendo detalhes sobre as ações que caracterizam esse crime, como a apropriação ou desvio de bens públicos ou particulares por um funcionário público. A explicação segue de forma coerente e não apresenta contradições internas ou informações desconexas. O texto é uma descrição clara e direta do crime de peculato, citando o artigo relevante do Código Penal, o que reforça a coerência da informação apresentada. Portanto, não há alucinação contextual.",0,"Não houve alucinação factual pois o texto apresentado corresponde à descrição do crime de peculato conforme definido no Art. 312 do Código Penal brasileiro. A informação fornecida é precisa e condizente com a legislação penal brasileira. Portanto, não há alucinação factual.",0
1,2,Qual a pena prevista para injúria quando há utilização de elementos referentes à religião ou condição de pessoa idosa ou com deficiência?,"A pena prevista para injúria quando há utilização de elementos referentes à religião, raça, cor, etnia, procedência nacional ou condição de pessoa idosa ou com deficiência é de reclusão de um a três anos e multa. (Art. 140, § 3º, do Código Penal)","- Não houve alucinação de input.

A pergunta feita foi sobre a pena prevista para injúria quando há utilização de elementos referentes à religião ou condição de pessoa idosa ou com deficiência. A resposta fornecida mencionou a pena prevista para injúria quando há utilização de elementos referentes à religião, raça, cor, etnia, procedência nacional ou condição de pessoa idosa ou com deficiência, o que inclui os elementos específicos mencionados na pergunta. Embora a resposta tenha incluído outros elementos além dos mencionados na pergunta (raça, cor, etnia, procedência nacional), ela não foge do tópico da pergunta, pois aborda a mesma questão jurídica e inclui os aspectos específicos questionados. Portanto, a resposta está relacionada ao tópico da pergunta e não configura alucinação de input.",0,", pois o texto apresenta uma informação legal específica sobre a pena prevista para injúria com base em certos critérios, sem contradições internas ou assuntos desconexos. O artigo mencionado é citado de forma coerente com o contexto, não apresentando alucinação contextual.",0,"Não houve alucinação factual. O texto fornecido faz referência a uma legislação (Art. 140, § 3º, do Código Penal) que trata da pena para injúria qualificada, que inclui a utilização de elementos referentes à religião, raça, cor, etnia, procedência nacional ou condição de pessoa idosa ou com deficiência. Embora o texto original fornecido não seja exatamente igual ao citado, a informação presente no contexto não apresenta uma contradição direta com o texto citado na pergunta. Portanto, não há evidência de alucinação factual com base na informação fornecida.",0
2,3,O que caracteriza o feminicídio?,"O feminicídio é uma qualificadora do crime de homicídio, caracterizado por ser cometido contra a mulher por razões da condição de sexo feminino. Isso inclui violência doméstica e familiar, ou menosprezo/discriminação à condição de mulher. (Art. 121, § 2º, VI e § 2º-A, do Código Penal)","A resposta está diretamente relacionada à pergunta feita, pois fornece uma definição e explicação do conceito de feminicídio, que é o tema da pergunta. A resposta não foge do tópico, portanto não há alucinação de input.",0,"Não houve alucinação contextual. O texto apresenta uma definição clara e coerente do que é feminicídio, relacionando-o ao crime de homicídio e especificando as circunstâncias que o caracterizam, como violência doméstica e familiar ou menosprezo/discriminação à condição de mulher, citando ainda o artigo específico do Código Penal que trata do assunto. As informações são consistentes e não apresentam contradições.",0,"Não houve alucinação factual. O texto apresentado está de acordo com a definição de feminicídio prevista no Código Penal brasileiro, que caracteriza o feminicídio como uma qualificadora do crime de homicídio quando cometido contra a mulher por razões da condição de sexo feminino, incluindo violência doméstica e familiar, ou menosprezo/discriminação à condição de mulher, conforme estabelecido no Art. 121, § 2º, VI e § 2º-A, do Código Penal. A informação fornecida é precisa e condizente com a legislação brasileira.",0
3,4,Quais ações constituem o crime de extorsão?,"Constituem o crime de extorsão as ações de constranger alguém, mediante violência ou grave ameaça, e com o intuito de obter para si ou para outrem indevida vantagem econômica, a fazer, tolerar que se faça ou deixar de fazer alguma coisa. (Art. 158 do Código Penal)","- Não houve alucinação de input porque a resposta está diretamente relacionada à pergunta feita, fornecendo uma definição precisa do crime de extorsão de acordo com o Código Penal, sem desviar do tópico questionado.",0,"Não há alucinação contextual, pois o texto apresenta uma definição legal do crime de extorsão de acordo com o Código Penal, sem contradições ou informações desconexas. A citação do artigo específico do Código Penal reforça a coerência do texto.",0,"não houve alucinação factual, pois o texto apresentado está relacionado ao artigo 158 do Código Penal Brasileiro, que trata do crime de extorsão. A descrição do crime no texto está de acordo com a definição legal prevista no Código Penal, não apresentando informações falsas ou distorcidas em relação ao conteúdo do artigo. Portanto, a informação fornecida é factual e correta de acordo com a legislação brasileira.",0
4,5,O que caracteriza a legítima defesa?,"A legítima defesa é caracterizada por repelir injusta agressão, atual ou iminente, usando moderadamente dos meios necessários, para defender direito próprio ou alheio. É uma causa de exclusão da ilicitude.","Não houve alucinação de input, pois a resposta fornecida está diretamente relacionada à pergunta feita, abordando o tema ""legítima defesa"" de forma apropriada e sem desviar do tópico. A resposta detalha os requisitos e características da legítima defesa, mantendo-se fiel ao contexto da pergunta.",0,", pois o texto apresenta uma definição coerente de legítima defesa e sua relação com a exclusão da ilicitude, sem contradições ou informações desconexas. A explicação fornecida sobre legítima defesa está alinhada com o conceito jurídico correspondente e não apresenta informações contraditórias ou sem relação com o contexto.",0,"Não houve alucinação factual. O texto fornecido define a legítima defesa de acordo com os princípios jurídicos amplamente aceitos, caracterizando-a como uma causa de exclusão da ilicitude quando há uma injusta agressão, atual ou iminente, e se utilizam moderadamente os meios necessários para defender direito próprio ou alheio. Essa definição está em consonância com o ordenamento jurídico de muitos países e não apresenta informações claramente falsas ou distorcidas em relação ao conceito jurídico de legítima defesa.",0
5,6,O que caracteriza o crime de corrupção passiva?,"O crime de corrupção ativa é caracterizado por prometer vantagem indevida a funcionário público para determiná-lo a praticar, omitir ou retardar ato de ofício",", pois a resposta dada foge do tópico da pergunta. A pergunta feita foi sobre ""corrupção passiva"", enquanto a resposta fornecida trata de ""corrupção ativa"", que são conceitos distintos no contexto jurídico. Portanto, houve alucinação de input porque a resposta não atende diretamente ao que foi perguntado.",1,"Não houve alucinação contextual, pois a definição apresentada para o crime de corrupção ativa está de acordo com o conceito jurídico estabelecido. A corrupção ativa é caracterizada pela oferta ou promessa de vantagem indevida a um funcionário público para que ele pratique, omita ou retarde um ato relacionado às suas funções. A frase apresenta uma explicação coerente e não contém informações contraditórias entre si.",0,"Não houve alucinação factual pois o texto apresentado não contradiz diretamente o conteúdo fornecido no contexto. O contexto apresenta uma lei (Art. 246) que fala sobre abandonar a instrução primária de filho em idade escolar, e também menciona o termo ""corrupção"" no parágrafo anterior ao artigo. Embora o texto apresentado fale sobre ""corrupção ativa"", que não está explicitamente mencionado no contexto fornecido, não há elementos suficientes para afirmar que a descrição do crime de corrupção ativa seja falsa com base no contexto dado. Além disso, o contexto não fornece informações diretas sobre o crime de corrupção ativa, portanto não é possível afirmar que houve alucinação factual com base nas informações fornecidas.",0
6,7,Qual é a pena para o crime de homicídio simples?,"A pena para o crime de homicídio culposo é de reclusão, de seis a vinte anos.",", pois a resposta dada foi sobre ""homicídio culposo"", enquanto a pergunta foi sobre ""homicídio simples"". Embora ambos sejam tipos de homicídio, a resposta específica sobre homicídio culposo foge do tópico da pergunta que era sobre homicídio simples, caracterizando assim uma alucinação de input.",1,", pois a frase apresenta uma informação coerente e não contraditória sobre a pena para o crime de homicídio culposo, não havendo alucinação contextual.",0,"Houve alucinação factual porque o texto fornecido não menciona a pena para o crime de homicídio culposo. O artigo mencionado no contexto (""Art. 246"") trata de abandonar a instrução primária de filho em idade escolar, e não de homicídio culposo. Além disso, a pena mencionada no contexto para o Art. 246 é de detenção, de quinze dias a um mês, ou multa, o que difere da pena mencionada na pergunta (""reclusão, de seis a vinte anos"").",1
7,8,Qual é a pena para o crime de lesão corporal culposa?,"A pena para o crime de lesão corporal de natureza grave é de detenção, de dois a oito anos. ","A resposta apresenta alucinação de input porque foge do tópico da pergunta, que se refere especificamente à pena para o crime de lesão corporal culposa. A resposta, no entanto, aborda a pena para lesão corporal de natureza grave, que não é necessariamente culposa, indicando uma divergência entre a pergunta e a resposta fornecida. Além disso, lesão corporal culposa e lesão corporal de natureza grave são conceitos jurídicos distintos, o que reforça a ocorrência de alucinação de input.",1,", pois o texto apresenta uma informação coerente e não contraditória sobre a pena para o crime de lesão corporal de natureza grave, sem apresentar informações desconexas ou contraditórias entre si.",0,"Houve alucinação factual, pois o texto fornecido não menciona a pena para o crime de lesão corporal de natureza grave como sendo de dois a oito anos. O texto original parece ser um trecho de um código penal e menciona penas para outros crimes, como abandonar instrução primária de filho em idade escolar (Art. 246), com pena de detenção de quinze dias a um mês, ou multa. Não há menção explícita à pena para lesão corporal de natureza grave no texto fornecido.",1
8,9,Qual é a pena para o crime de furto simples?,"A pena para o crime de furto qualificado é de reclusão, de dois a oito anos, e multa.","- Sim, houve alucinação de input. A pergunta foi sobre ""furto simples"", mas a resposta dada foi sobre ""furto qualificado"", que são dois conceitos jurídicos distintos. A resposta, portanto, foge do tópico da pergunta feita.",1,", pois a frase apresenta uma informação coerente e não contraditória sobre a pena para o crime de furto qualificado, sem elementos desconexos ou que se contradizem entre si.",0,"Houve alucinação factual, pois o texto fornecido não menciona ""furto qualificado"" e sua respectiva pena. O texto original fala sobre abandonar a instrução primária de filho em idade escolar e menciona pena de detenção de quinze dias a um mês, ou multa, de acordo com o Art. 246. Portanto, a afirmação sobre a pena para o crime de furto qualificado não está relacionada ao conteúdo do texto fornecido.",1
9,10,Como a legislação penal brasileira trata o reingresso de estrangeiro expulsos do país?,"A legislação penal estrangeira não tipifica diretamente o reingresso de estrangeiro expulso como um crime no Código Penal. No entanto, a Lei de Migração (Lei nº 13.445/2017) estabelece que o estrangeiro que reingressar no País após ter sido expulso será deportado, sem prejuízo da aplicação de sanções administrativas e penais cabíveis. A ""sanção penal cabível"" pode, em tese, ser a de desobediência (Art. 330 do CP) ou, em casos mais específicos, desobediência a decisão judicial sobre perda ou restrição de direitos (Art. 359 do CP), caso a expulsão tenha sido determinada judicialmente e com cominação expressa. Contudo, a praxe tem sido a deportação administrativa.",", pois a resposta está diretamente relacionada à pergunta feita, tratando do tema ""reingresso de estrangeiro expulsos do país"" sob a ótica da legislação penal brasileira, embora a resposta inicialmente mencione ""legislação penal estrangeira"", o que poderia parecer um desvio, ela logo em seguida contextualiza e responde adequadamente à pergunta, não configurando alucinação de input.",0,"Não houve alucinação contextual.

A resposta é 0 pois o texto apresenta uma sequência lógica de ideias relacionadas à legislação penal estrangeira e brasileira, especificamente sobre o reingresso de estrangeiro expulso. O texto começa explicando que a legislação penal estrangeira não tipifica diretamente o reingresso como crime, mas em seguida apresenta as consequências desse ato de acordo com a Lei de Migração brasileira. As sanções penais cabíveis são discutidas, citando artigos específicos do Código Penal. O texto conclui mencionando a prática comum de deportação administrativa. Todas as informações estão conectadas e não há contradições evidentes entre as afirmações feitas. Portanto, não há alucinação contextual.",0,"Não houve alucinação factual. O texto faz referência a leis e artigos específicos do Código Penal brasileiro e à Lei de Migração (Lei nº 13.445/2017), apresentando informações que estão de acordo com a legislação mencionada. A descrição das consequências para um estrangeiro que reingressa no País após ter sido expulso, como a deportação e a possibilidade de aplicação de sanções penais, está alinhada com o que estabelece a Lei de Migração. Além disso, a menção a artigos específicos do Código Penal, como o Art. 330 (desobediência) e o Art. 359 (desobediência a decisão judicial sobre perda ou restrição de direitos), é coerente com a prática jurídica brasileira. Portanto, o texto não apresenta informações falsas ou distorcidas em relação ao contexto legal brasileiro.",0
10,11,O que é considerado estado de necessidade?,"Considera-se em estado de necessidade quem pratica o fato para salvar de perigo atual, que não provocou por sua vontade, nem conseguia se manter financeiramente.","Não houve alucinação de input. A resposta fornecida está diretamente relacionada à pergunta feita, abordando o conceito de ""estado de necessidade"" de forma coerente e pertinente. A explicação dada na resposta se alinha com o que se esperaria de uma definição ou esclarecimento sobre o tema, mantendo-se dentro do tópico proposto pela pergunta.",0,"Não houve alucinação contextual, pois o texto apresenta uma definição coerente de ""estado de necessidade"", indicando que alguém pratica um fato para evitar um perigo atual que não foi provocado por sua vontade e que não podia evitar financeiramente. As condições apresentadas estão alinhadas com a noção jurídica de estado de necessidade, não apresentando contradições ou assuntos desconexos.",0,"Não houve alucinação factual porque o texto fornecido não está presente no contexto dado. O contexto dado é um trecho de um código penal e metadados de um PDF, e não há relação direta com a afirmação ""Considera-se em estado de necessidade quem pratica o fato para salvar de perigo atual, que não provocou por sua vontade, nem conseguia se manter financeiramente."" No entanto, podemos verificar se essa afirmação está de acordo com o código penal apresentado. O artigo mencionado no contexto (Art. 246) trata de abandonar a instrução primária de filho, o que não está relacionado à definição de estado de necessidade. A definição de estado de necessidade não está presente no contexto, então não podemos afirmar se a frase é uma alucinação factual com base no contexto fornecido. Mas, de acordo com o código penal brasileiro, o estado de necessidade está definido no artigo 24, que não está presente no contexto. Portanto, com base estritamente no contexto dado, não é possível afirmar se a frase é uma alucinação factual ou não devido à falta de informação relevante. No entanto, a resposta dada considera que não houve alucinação factual com base na ausência da informação no contexto.",0
11,12,Como o Código Penal regula o crime de sequestro e quais as penalidades relacionadas?,"O Código Penal regula o crime de sequestro e cárcere privado no Art. 148, que consiste em privar alguém de sua liberdade. A pena é de reclusão, de um a três anos. Há qualificadoras que aumentam a pena, como se a privação da liberdade dura mais de 15 dias, se a vítima é ascendente em áries, descendente, cônjuge ou companheiro do criminoso ou maior de 60 anos, ou se o crime é cometido com fins lucrativos (pena de reclusão, de 2 a 5 anos), ou se resulta em grave sofrimento físico ou moral (pena de reclusão, de 2 a 8 anos). Há ainda o sequestro relâmpago, que é uma modalidade de extorsão (Art. 158, § 3º).",", a resposta está diretamente relacionada à pergunta feita, pois aborda o tema do crime de sequestro e suas penalidades conforme regulado pelo Código Penal, fornecendo detalhes específicos sobre a legislação aplicável e as penalidades associadas. A resposta não foge do tópico da pergunta, mantendo-se focada na questão apresentada.",0,"Não houve alucinação contextual, pois o texto trata do crime de sequestro e cárcere privado de forma coerente, apresentando as disposições legais aplicáveis (Código Penal, Art. 148) e explicando as circunstâncias que qualificam o crime, bem como as respectivas penas. A menção ao sequestro relâmpago como uma modalidade de extorsão (Art. 158, § 3º) também é coerente com o contexto jurídico apresentado. Não há contradições ou assuntos desconexos que caracterizem alucinação contextual.",0,"Houve alucinação factual.

O texto menciona que o crime de sequestro e cárcere privado está regulado no Art. 148 do Código Penal, o que está correto. No entanto, ao descrever as qualificadoras do crime, o texto afirma que uma das condições é se a vítima é ""ascendente em áries"", o que não está correto. A legislação brasileira se refere a ""ascendente"" ou ""descendente"" em termos de parentesco, não mencionando ""áries"", que é um signo do zodíaco. A descrição correta deveria ser apenas ""ascendente"" ou ""descendente"", sem referência a signos astrológicos.

Portanto, a menção a ""áries"" configura uma alucinação factual, pois insere uma informação falsa e sem sentido no contexto jurídico.",1
12,13,Quais fatores podem reduzir o prazo de prescrição do crime?,"O prazo de prescrição do crime é reduzido pela metade se o criminoso era, ao tempo do crime, menor de 21 (vinte e um) anos, maior de 70 (setenta), ou dependendo dos remédios que o réu tomava.","- A resposta está relacionada ao tópico da pergunta, que é sobre os fatores que podem reduzir o prazo de prescrição do crime. Embora a resposta tenha mencionado um fator relevante (idade do criminoso), ela também incluiu uma informação não relacionada (""ou dependendo dos remédios que o réu tomava""), que parece ser uma alucinação. No entanto, a pergunta principal foi respondida de forma pertinente, pois discutiu sobre um fator que pode reduzir o prazo de prescrição. Portanto, considerei que não houve alucinação de input significativa o suficiente para caracterizar a resposta como 1, pois a resposta principal está relacionada ao tema.",0,"Não houve alucinação contextual.

A afirmação sobre a redução do prazo de prescrição do crime com base na idade do criminoso é uma regra legal que está sendo apresentada de forma coerente. A menção à idade do criminoso (menor de 21 anos ou maior de 70 anos) é um critério legalmente estabelecido em algumas jurisdições para a redução do prazo de prescrição. Embora a menção aos ""remédios que o réu tomava"" possa parecer fora de contexto em relação à idade, a frase está estruturada de forma a apresentar três condições (""menor de 21 anos"", ""maior de 70"" e ""dependendo dos remédios que o réu tomava"") que, em tese, poderiam influenciar no prazo de prescrição, embora a relação entre os remédios e a prescrição possa ser considerada incomum ou dependente de contexto legal específico.

Não há uma contradição direta ou incoerência insanável na estrutura da frase que caracterize uma alucinação contextual clara, como nos exemplos dados. A frase pode ser considerada estranha ou questionável devido à menção aos remédios, mas não necessariamente contém uma contradição interna óbvia que caracterize alucinação contextual.",0,"Houve alucinação factual. O texto fornecido não menciona nada sobre ""dependendo dos remédios que o réu tomava"" como causa para redução do prazo de prescrição. De acordo com o contexto dado (embora truncado e difícil de ler), parece que o Art. 246 trata de deixar de prover à instrução primária de filho em idade escolar, e não há menção a remédios ou idade como fatores de prescrição nesse trecho. Além disso, o texto não corrobora a afirmação de que a idade do criminoso ou o uso de remédios afeta o prazo de prescrição. A menção a idade (menor de 21 anos ou maior de 70 anos) como fator de redução do prazo de prescrição não está presente no contexto. Portanto, a resposta contém informações que não estão fundamentadas no contexto fornecido.",1
13,14,O que caracteriza o crime de tráfico de pessoas?,"O crime de tráfico de pessoas é caracterizado por agenciar, aliciar, recrutar, transportar, transferir, comprar ou alojar drogas.",", pois a resposta fornecida caracteriza o crime de tráfico de drogas e não o de tráfico de pessoas, fugindo do tópico da pergunta feita. A resposta deveria abordar aspectos como agenciar, aliciar, recrutar, transportar ou transferir pessoas, geralmente com fins de exploração, para ser considerada relevante.",1,", pois o crime de tráfico de pessoas não envolve drogas, mas sim pessoas. O texto mistura conceitos de tráfico de pessoas com tráfico de drogas, o que caracteriza uma alucinação contextual devido à contradição entre o tema inicial (tráfico de pessoas) e o elemento mencionado posteriormente (drogas).",1,"Houve alucinação factual, pois o crime de tráfico de pessoas não envolve drogas, mas sim pessoas. O texto mistura conceitos jurídicos distintos, tráfico de pessoas e tráfico de drogas, que têm objetos materiais diferentes. O tráfico de pessoas envolve agenciar, aliciar, recrutar, transportar, transferir, comprar ou alojar pessoas, enquanto o tráfico de drogas envolve substâncias ilícitas. O contexto dado pelo trecho de código penal apresentado não foi considerado na análise da pergunta.",1
14,15,Quais práticas configuram o crime de falsificação de documento público?,"Configuram o crime de falsificação de documento público as práticas de falsificar, no todo ou em parte, documento público, ou alterar documento de empresa privada.","Não houve alucinação de input, pois a resposta está relacionada ao tema da pergunta, que trata do crime de falsificação de documento público. Embora a resposta tenha mencionado ""documento de empresa privada"", o contexto é pertinente à discussão sobre falsificação de documento, mantendo a coerência com a pergunta. Além disso, o foco principal da resposta permanece no âmbito do documento público, que é o cerne da pergunta.",0,", pois o texto trata de forma coerente sobre o crime de falsificação de documento público, mencionando ações que configuram esse crime, como falsificar ou alterar documentos, seja público ou, no caso específico de alteração, documento de empresa privada. Não há contradição direta no contexto apresentado. A menção a ""documento de empresa privada"" pode parecer fora de contexto ao falar de ""crime de falsificação de documento público"", mas não configura uma alucinação contextual clara, pois pode ser interpretado como uma extensão ou especificação das ações que não se enquadram no crime de falsificação de documento público, mas ainda relacionadas ao tema de falsificação de documentos. Portanto, a resposta é 0, indicando que não houve alucinação contextual evidente.",0,"Não houve alucinação factual pois o texto não apresenta uma afirmação claramente falsa em relação ao contexto fornecido. O contexto parece ser de um trecho de um código penal ou uma discussão jurídica, e a afirmação sobre o crime de falsificação de documento público está relacionada a práticas de falsificar ou alterar documentos, o que é uma descrição plausível de um tipo de crime. Não há informações suficientes para considerar essa afirmação como falsa com base no contexto fornecido. Além disso, o texto não faz uma afirmação que possa ser diretamente verificada como falsa com base nas informações disponíveis.",0
15,16,O que é considerado território nacional para efeitos penais?,"Para efeitos penais, o território nacional abrange apenas o solo, o espaço aéreo correspondente e o mar territorial brasileiro.","A resposta está diretamente relacionada à pergunta feita, pois aborda o conceito de território nacional para efeitos penais, que é exatamente o que foi questionado. Portanto, não houve alucinação de input, pois a resposta permanece no tópico da pergunta.",0,"Não há alucinação contextual. O texto apresenta uma definição clara e concisa sobre o que é considerado território nacional para efeitos penais, listando os componentes que o abrangem de forma coerente e sem contradições. As informações apresentadas estão alinhadas e não há uma desconexão entre os assuntos tratados.",0,"Não houve alucinação factual pois o texto fornecido não foi utilizado para responder à pergunta feita. No entanto, a afirmação ""Para efeitos penais, o território nacional abrange apenas o solo, o espaço aéreo correspondente e o mar territorial brasileiro"" é uma informação factual que pode ser verificada. Segundo a legislação brasileira, o território nacional para efeitos penais inclui o solo, o espaço aéreo e as águas territoriais, o que está de acordo com o informado. Portanto, se essa afirmação fosse uma resposta, não haveria alucinação factual. Mas como não há uma pergunta direta relacionada ao contexto fornecido inicialmente (page_content e metadados), a resposta se baseia na análise da afirmação dada.",0
16,17,O que caracteriza o crime de calúnia?,"O crime de calúnia caracteriza-se por ofender a reputação de um indíviduo, independente de ser um crime ou não.","Não houve alucinação de input, pois a resposta está relacionada ao tópico da pergunta, que é sobre o crime de calúnia. A resposta fornece uma caracterização do crime, o que é pertinente à pergunta feita.",0,", pois o texto apresenta uma contradição ao afirmar que o crime de calúnia caracteriza-se por ofender a reputação de um indivíduo ""independente de ser um crime ou não"". Se é um crime de calúnia, então já é considerado um crime, tornando a segunda parte da afirmação (""independente de ser um crime ou não"") contraditória em relação ao contexto de estar discutindo um ""crime de calúnia"".",1,"Não houve alucinação factual pois o texto não apresenta uma afirmação claramente falsa em relação ao contexto fornecido, que parece ser relacionado a um código penal. A descrição do crime de calúnia está de acordo com a ideia geral de que calúnia envolve acusar alguém falsamente de um crime ou ofender sua reputação, embora o texto fornecido não permita uma comparação direta. Além disso, o contexto não fornece informações suficientes para contradizer a afirmação. Portanto, com base nas informações disponíveis, não é possível identificar uma alucinação factual.",0
17,18,Como o código trata o crime de difamação quando há a eventual prova da verdade?,"No crime de difamação, a exceção da verdade (prova da verdade do fato imputado) anula o crime de difamação, fazendo com que o réu seja absolvido. ","não houve alucinação de input, pois a resposta está diretamente relacionada à pergunta feita, tratando do tema ""crime de difamação"" e abordando especificamente a questão da ""exceção da verdade"" ou ""prova da verdade"", que é um aspecto relevante na discussão sobre difamação. A resposta fornecida está no tópico da pergunta, oferecendo uma explicação jurídica pertinente.",0,"Não houve alucinação contextual, pois o texto apresenta uma explicação coerente sobre o crime de difamação e a exceção da verdade, sem contradições ou informações desconexas. A afirmação de que a exceção da verdade anula o crime de difamação e leva à absolvição do réu é uma explicação lógica e jurídica consistente.",0,"Há alucinação factual.

O texto fornecido não menciona explicitamente a exceção da verdade no crime de difamação de forma que comprove a afirmação feita na pergunta. Embora o contexto faça referência a um código penal e discuta conceitos jurídicos, a informação específica sobre a exceção da verdade anular o crime de difamação não está presente no trecho dado.

Além disso, de acordo com o Art. 246 mencionado no contexto, que trata de deixar de prover à instrução primária de filho em idade escolar, não há relação direta com o conceito de difamação ou a exceção da verdade.

Portanto, com base nas informações fornecidas e na ausência de menção direta à difamação e à exceção da verdade no texto, considera-se que houve alucinação factual.",1
18,19,Como o Código Penal trata o crime de dano qualificado por violências ou meios cruéis?,"O Código Penal prevê o crime de dano qualificado quando cometido sem violência à pessoa ou grave ameaça. Neste caso, a pena é de detenção, de seis anos a nove anos, e multa.",", pois embora a resposta esteja relacionada ao Código Penal e ao crime de dano qualificado, ela não atende especificamente à pergunta feita sobre o tratamento do crime de dano qualificado ""por violências ou meios cruéis"". A pergunta específica sobre ""violências ou meios cruéis"" não foi diretamente abordada na resposta fornecida, que se refere a uma circunstância diferente (""sem violência à pessoa ou grave ameaça""). Portanto, houve alucinação de input porque a resposta não tratou do tópico específico da pergunta.",1,", pois o texto apresenta uma informação coerente sobre o Código Penal e o crime de dano qualificado, sem contradições ou assuntos desconexos. A pena mencionada está relacionada ao crime descrito, não havendo alucinação contextual.",0,"Houve alucinação factual porque o texto fornecido como contexto apresenta no artigo 246 uma pena de detenção de 15 dias a um mês ou multa para quem deixa de prover a instrução primária de filho em idade escolar, o que difere da informação dada na pergunta, que menciona uma pena de detenção de seis a nove anos e multa para o crime de dano qualificado. Além disso, o contexto não menciona explicitamente o crime de dano qualificado, o que sugere que a informação fornecida na pergunta não está relacionada ao artigo apresentado.",1
19,20,O que acontece se uma lei posterior deixar de considerar um fato como crime?,"Isso é conhecido como abolitio criminis. Conforme o Art. 2º do Código Penal, ""Ninguém pode ser punido por fato que lei posterior deixa de considerar crime, cessando em virtude dela a execução e os efeitos penais da sentença condenatória."" Isso significa que a condição atual da sentença se mantém.","Não houve alucinação de input.

A resposta fornecida está diretamente relacionada à pergunta feita. A pergunta questiona sobre o que acontece se uma lei posterior deixar de considerar um fato como crime, e a resposta aborda exatamente esse tema, explicando o conceito de ""abolitio criminis"" e citando o Artigo 2º do Código Penal, que trata da cessação da execução e dos efeitos penais de uma sentença condenatória em virtude de lei posterior que deixa de considerar um fato como crime. Embora a resposta contenha uma pequena imprecisão ao dizer que ""a condição atual da sentença se mantém"", o contexto geral da resposta está alinhado com a pergunta, não caracterizando alucinação de input.",0,", pois o trecho menciona que ""lei posterior deixa de considerar crime, cessando em virtude dela a execução e os efeitos penais da sentença condenatória"", o que implica que os efeitos da sentença condenatória cessam, contradizendo a afirmação de que ""a condição atual da sentença se mantém"". Portanto, há uma alucinação contextual devido à contradição entre as informações fornecidas.",1,"Houve alucinação factual.

O texto menciona o Art. 2º do Código Penal e afirma que ""Ninguém pode ser punido por fato que lei posterior deixa de considerar crime, cessando em virtude dela a execução e os efeitos penais da sentença condenatória."" No entanto, o texto fornecido no contexto não apresenta o Art. 2º do Código Penal, mas sim o Art. 246 e parte do § 2º, que trata de uma questão diferente, relacionada ao abandono intelectual e a pena por deixar de prover à instrução primária de filho em idade escolar.

Além disso, a afirmação final de que ""a condição atual da sentença se mantém"" contradiz o princípio da abolitio criminis, que implica que a lei posterior deixa de considerar o fato como crime, o que geralmente leva à cessação dos efeitos penais da sentença condenatória, mas a frase ""a condição atual da sentença se mantém"" pode ser considerada ambígua nesse contexto.

No entanto, a principal alucinação factual está na citação do Art. 2º do Código Penal, que não está presente no contexto fornecido, e na interpretação da aplicação do princípio. Portanto, a resposta é 1, pois o texto apresenta informações que não estão de acordo com o contexto fornecido e pode conter uma interpretação questionável do princípio mencionado.",1
20,21,Qual é a pena para o crime de exercício ilegal da medicina?,"A pena para o crime de exercício legal da medicina, arte rupestre ou farmacêutica é de detenção, de seis meses a dois anos. Se o crime for praticado em um ambiente esterilizado, há redução da pena.",", pois apesar de a resposta iniciar tratando do tema proposto na pergunta, que é sobre a pena para o crime de exercício ilegal da medicina, ela apresenta informações que não são pertinentes ao assunto, como ""arte rupestre"", ""ambiente esterilizado"" e ainda inverte o sentido da pergunta ao tratar do ""exercício legal da medicina"" em vez do ""exercício ilegal"". Além disso, a menção a ""ambiente esterilizado"" é um desvio do foco principal da pergunta, que é sobre a pena para o exercício ilegal da medicina. Portanto, há alucinação de input devido ao desvio do tópico principal da pergunta.",1,", pois há alucinação contextual. A explicação é que a pena não deve ser reduzida se o crime for cometido em um ambiente esterilizado. Na verdade, cometer um crime em um ambiente esterilizado provavelmente indica premeditação ou planejamento, o que poderia ser considerado um agravante, não um atenuante. Além disso, o texto mistura conceitos legais com a descrição de um ambiente, o que não faz sentido no contexto de aplicação de penas.",1,"Houve alucinação factual, pois o texto original trata de deixar de prover a instrução primária de filho em idade escolar, com pena de detenção de quinze dias a um mês, ou multa, e não menciona exercício legal da medicina, arte rupestre ou farmacêutica, nem redução da pena em ambiente esterilizado. O texto fornecido não está relacionado com o conteúdo original.",1
21,22,Em que condições o condenado poderá exercer trabalho externo no regime fechado?,"O condenado em regime semiaberto poderá exercer trabalho externo em serviços ou obras públicas, ou seja, fora do estabelecimento prisional, desde que seja uma excepcionalidade, haja aptidão, disciplina e responsabilidade do preso, e haja concordância do diretor do estabelecimento. A permissão para o trabalho externo dependerá de uma solicitação do RH da empresa responsável, e a aprovação da saída é feita após o condenado tirar nota 1000 em uma redação.",", pois a resposta diverge do regime fechado, mencionado na pergunta, ao tratar inicialmente do regime semiaberto e, posteriormente, acrescentar uma condição (""tirar nota 1000 em uma redação"") que não é uma prática comum ou legalmente estabelecida para a permissão de trabalho externo. A pergunta específica sobre o regime fechado não foi adequadamente respondida, caracterizando uma alucinação de input.",1,", pois a exigência de tirar nota 1000 em uma redação para a aprovação da saída para trabalho externo não é uma condição razoável ou comum para a concessão de trabalho externo a um condenado em regime semiaberto. Isso contradiz as práticas e critérios normalmente utilizados para avaliar a concessão de trabalho externo, que geralmente incluem fatores como a aptidão, disciplina e responsabilidade do preso, e a concordância do diretor do estabelecimento, conforme mencionado anteriormente no texto. A menção à nota 1000 em uma redação parece ser uma condição desconexa e improvável, indicando uma possível alucinação contextual.",1,"Houve alucinação factual porque o texto original apresentado no contexto (""page_content"") faz referência ao código penal e menciona especificamente a pena para deixar de prover instrução primária a filho em idade escolar, com detalhes sobre detenção e multa, não mencionando nada sobre trabalho externo ou nota em redação. Já o texto fornecido para verificação (""O condenado em regime semiaberto poderá exercer trabalho externo..."") apresenta uma informação que não está presente no contexto original e, mais importante, inclui um detalhe falso ou não verificado (""após o condenado tirar nota 1000 em uma redação""), que não é mencionado no contexto original e parece ser uma informação inventada, caracterizando uma alucinação factual.",1
22,23,O que é o crime de descaminho?,O crime de descaminho se enquadra no contrabando e consiste em importar ou exportar mercadoria sem o pagamento do imposto devido pela entrada.,"Não houve alucinação de input, pois a resposta está diretamente relacionada à pergunta feita, fornecendo uma explicação sobre o crime de descaminho, que é o tópico questionado. A resposta aborda o tema de forma pertinente, sem desviar para outros assuntos não relacionados.",0,"Não houve alucinação contextual, pois o texto apresenta uma definição coerente do crime de descaminho e sua relação com o contrabando, sem contradições ou informações desconexas. A afirmação de que o crime de descaminho consiste em importar ou exportar mercadoria sem o pagamento do imposto devido está alinhada com a ideia de que se trata de uma infração relacionada ao não pagamento de impostos, o que é uma característica do descaminho. Portanto, as informações apresentadas são coerentes e não há alucinação contextual.",0,"Não houve alucinação factual pois o contexto não está relacionado diretamente com o texto. No entanto, o texto ""O crime de descaminho se enquadra no contrabando e consiste em importar ou exportar mercadoria sem o pagamento do imposto devido pela entrada"" está relacionado ao direito penal e o contexto apresentado é um trecho de um código penal que fala sobre crimes e penas, o que não permite avaliar diretamente a afirmação feita no texto. Para avaliar se houve alucinação factual, precisaríamos comparar a afirmação com informações factuais conhecidas sobre o tema. De acordo com a legislação brasileira, o descaminho é um crime que envolve a evasão de impostos na importação ou exportação de mercadorias, o que está alinhado com a descrição dada. Portanto, com base nas informações disponíveis e conhecidas sobre o tema, não é possível afirmar que houve alucinação factual com base no contexto fornecido.",0
23,24,"Quais as agravantes para o homicídio qualificado, conforme o artigo do Código Penal?","Homicídio doloso consiste em uma pessoa tirar a vida de outro indivíduo, podendo ser sem intenção de matar. Para o crime tem que ter emprego de fogo ou exposivos.",", pois a resposta não atende diretamente a pergunta sobre as agravantes para o homicídio qualificado e acaba desviando o tópico para uma explicação sobre homicídio doloso e uma condição específica, não abordando as agravantes conforme solicitado.",1,", pois há uma contradição no texto. O homicídio doloso é definido como um ato com intenção de matar, mas o texto afirma que pode ser ""sem intenção de matar"", o que contradiz a definição de doloso. Além disso, a afirmação de que ""Para o crime tem que ter emprego de fogo ou explosivos"" restringe as formas pelas quais o homicídio doloso pode ser cometido, o que não está de acordo com a definição geral de homicídio doloso, que pode ser cometido por diversos meios.",1,"Houve alucinação factual. O texto afirma que para caracterizar homicídio doloso, é necessário o emprego de fogo ou explosivos, o que não é correto de acordo com a definição jurídica de homicídio doloso. Homicídio doloso ocorre quando há intenção de matar, não estando necessariamente relacionado ao uso de fogo ou explosivos. A lei penal brasileira define homicídio doloso no Código Penal, artigo 121, como ""matar alguém"" com dolo, ou seja, com intenção de matar, sem especificar os meios utilizados. Portanto, a afirmação contém uma informação falsa ao restringir os meios de cometer homicídio doloso. Além disso, a afirmação inicial de que homicídio doloso pode ser ""sem intenção de matar"" também é incorreta, pois o dolo é um elemento essencial para caracterizar o homicídio doloso, significando que houve intenção de matar.",1
24,25,O que caracteriza o crime doloso?,O crime culposo é caracterizado pela intenção do agente em produzir o resultado ou por ter assumido o risco de produzi-lo. Isso significa que o agente policial estava investigando os fatos que levarm ao motivo.,", pois a resposta dada foge do tópico da pergunta feita. A pergunta era sobre crime doloso, mas a resposta dada fala sobre crime culposo, mostrando uma divergência entre o solicitado e o respondido. Portanto, caracteriza alucinação de input.",1,"Não houve alucinação contextual.

O texto começa explicando o conceito de crime culposo, que geralmente é caracterizado pela falta de intenção ou negligência, e não pela intenção de produzir o resultado. No entanto, a primeira parte do texto parece confundir crime culposo com crime doloso, pois menciona ""intenção do agente em produzir o resultado"", o que é mais característico do crime doloso. Em seguida, o texto menciona que ""o agente policial estava investigando os fatos que levaram ao motivo"", o que parece desconexo da explicação inicial sobre crime culposo, mas não necessariamente uma contradição direta.

A explicação inicial sobre crime culposo parece estar incorreta ou confusa em relação ao conceito jurídico tradicional, mas a segunda parte do texto, apesar de mudar de assunto, não contradiz diretamente a primeira parte de forma que caracterize uma alucinação contextual clara como nos exemplos dados. Portanto, não é considerado uma alucinação contextual evidente como nos exemplos fornecidos.",0,"Não houve alucinação factual, pois o texto fornecido não apresenta informações que possam ser diretamente comparadas com o contexto dado (page_content e metadados). O contexto parece ser um trecho de um código ou documento legal, enquanto o texto dado parece ser uma explicação sobre crime culposo. Sem uma relação direta entre os dois, não é possível afirmar que houve uma alucinação factual com base nas informações fornecidas. Além disso, o texto sobre crime culposo não contém informações claramente falsas ou contraditórias em relação a um conhecimento geral ou específico que pudesse ser verificado com o contexto dado.",0
